{
  "src/test-utils/index.tsx": 1773502027.631602,
  "src/types/xirr.d.ts": 1773469974.7112951,
  "src/app/layout.tsx": 1774848123.7587683,
  "src/app/not-found.tsx": 1773469974.6752791,
  "src/app/(public)/layout.tsx": 1773469974.6728005,
  "src/app/(public)/page.tsx": 1773469974.673565,
  "src/app/(public)/signup/page.tsx": 1773469974.6740363,
  "src/app/(public)/login/page.tsx": 1773469974.6732113,
  "src/app/(dashboard)/layout.tsx": 1774268344.50245,
  "src/app/(dashboard)/schemes/page.tsx": 1773469974.6723862,
  "src/app/(dashboard)/schemes/[id]/transactions/page.tsx": 1773469974.6719754,
  "src/app/(dashboard)/goals/page.tsx": 1774268344.502115,
  "src/app/(dashboard)/goals/[id]/page.tsx": 1774268344.501131,
  "src/app/(dashboard)/goals/[id]/edit/page.tsx": 1774268344.5006175,
  "src/app/(dashboard)/goals/create/page.tsx": 1774268344.5017612,
  "src/app/(dashboard)/fund-houses/page.tsx": 1773469974.6693447,
  "src/app/(dashboard)/dashboard/page.tsx": 1773469974.66894,
  "src/app/(dashboard)/dashboard/settings/page.tsx": 1774268344.499986,
  "src/app/(dashboard)/tax-report/page.tsx": 1774358760.653501,
  "src/features/schemes/repository.ts": 1774269389.3423645,
  "src/features/schemes/action.ts": 1774848123.758928,
  "src/features/schemes/type.ts": 1774268344.5057545,
  "src/features/schemes/service.ts": 1774269389.3429685,
  "src/features/schemes/components/withdrawal-calculator.tsx": 1774848123.7598312,
  "src/features/schemes/components/scheme-list.tsx": 1774848123.7595825,
  "src/features/schemes/components/scheme-card.tsx": 1774848123.7592661,
  "src/features/settings/components/settings-view.tsx": 1774268344.5063298,
  "src/features/side-bar/type.ts": 1774268344.5076404,
  "src/features/side-bar/components/nav-main.tsx": 1773469974.704799,
  "src/features/side-bar/components/site-header.tsx": 1773469974.7055335,
  "src/features/side-bar/components/nav-user.tsx": 1774268344.5072193,
  "src/features/side-bar/components/app-sidebar.tsx": 1774268344.5068338,
  "src/features/auth/schema/pasword.ts": 1771574780.2382412,
  "src/features/auth/schema/login.ts": 1773469974.6902554,
  "src/features/auth/schema/signup.ts": 1773469974.6905208,
  "src/features/auth/components/login-form.tsx": 1773469974.689389,
  "src/features/auth/components/signup-form.tsx": 1773469974.6897824,
  "src/features/auth/actions/login.ts": 1773469974.688517,
  "src/features/auth/actions/signup.ts": 1773469974.6890378,
  "src/features/auth/actions/logout.ts": 1773469974.6887803,
  "src/features/fund-houses/type.ts": 1773469974.692378,
  "src/features/fund-houses/service.ts": 1773469974.691958,
  "src/features/fund-houses/components/fund-house-card.tsx": 1773469974.6910977,
  "src/features/fund-houses/components/fund-houses-list.tsx": 1773469974.6916196,
  "src/features/transactions/repository.ts": 1773469974.7083619,
  "src/features/transactions/type.ts": 1774358760.666684,
  "src/features/transactions/service.ts": 1774358760.6653676,
  "src/features/transactions/components/data-table.tsx": 1773469974.7066548,
  "src/features/transactions/components/columns.tsx": 1773469974.7063408,
  "src/features/transactions/components/table-pagination.tsx": 1773469974.707947,
  "src/features/transactions/components/table-body.tsx": 1773469974.7073166,
  "src/features/transactions/components/table-headers.tsx": 1773469974.707617,
  "src/features/transactions/components/filter.tsx": 1773469974.7069798,
  "src/features/tax-report/type.ts": 1774848123.760734,
  "src/features/tax-report/service.ts": 1774848123.7604113,
  "src/features/tax-report/components/FiscalYearSelect.tsx": 1774358760.6556582,
  "src/features/tax-report/components/RealizedGainsTable.tsx": 1774848123.7601366,
  "src/features/tax-report/components/TaxSlabSelect.tsx": 1774358760.6570964,
  "src/features/tax-report/components/TaxSummaryCards.tsx": 1774358760.658342,
  "src/features/landing-page/components/hero.tsx": 1773469974.6974323,
  "src/features/landing-page/components/navbar.tsx": 1773469974.6985445,
  "src/features/landing-page/components/footer.tsx": 1773469974.6970084,
  "src/features/landing-page/components/testimonials.tsx": 1773469974.6993878,
  "src/features/landing-page/components/solutions.tsx": 1773469974.6989114,
  "src/features/landing-page/components/about.tsx": 1773469974.6965404,
  "src/features/portfolio/repository.ts": 1773469974.7011523,
  "src/features/portfolio/service.test.ts": 1773502027.6303296,
  "src/features/portfolio/type.ts": 1773469974.701895,
  "src/features/portfolio/service.ts": 1773469974.7015269,
  "src/features/portfolio/components/portfolio-chart.tsx": 1773469974.7002017,
  "src/features/portfolio/components/portfolio-overview-card.tsx": 1773469974.7007315,
  "src/features/goal/schema.ts": 1772945307.0657883,
  "src/features/goal/repository.ts": 1773469974.6951804,
  "src/features/goal/utils.ts": 1774268344.5054376,
  "src/features/goal/action.ts": 1774268344.5035567,
  "src/features/goal/type.ts": 1774268344.5052257,
  "src/features/goal/service.ts": 1774268344.5049164,
  "src/features/goal/components/delete-goal-button.tsx": 1773469974.6936152,
  "src/features/goal/components/goal-list.tsx": 1773469974.6948776,
  "src/features/goal/components/goal-card.tsx": 1774268344.5040054,
  "src/features/goal/components/goal-form.tsx": 1774268344.5044992,
  "src/components/ui/alert-dialog.tsx": 1773469974.6757119,
  "src/components/ui/tabs.tsx": 1773469974.6865485,
  "src/components/ui/card.tsx": 1773469974.6784756,
  "src/components/ui/popover.tsx": 1773469974.6828587,
  "src/components/ui/progress.tsx": 1773469974.6831343,
  "src/components/ui/date-picker.tsx": 1773469974.6801195,
  "src/components/ui/chart.tsx": 1773469974.67908,
  "src/components/ui/sheet.tsx": 1773469974.6841025,
  "src/components/ui/label.tsx": 1773469974.6820395,
  "src/components/ui/sonner.tsx": 1773469974.6854708,
  "src/components/ui/tooltip.tsx": 1773469974.6881094,
  "src/components/ui/alert.tsx": 1773469974.676003,
  "src/components/ui/switch.tsx": 1773469974.6858187,
  "src/components/ui/calendar.tsx": 1773469974.6780617,
  "src/components/ui/command.tsx": 1773469974.6797333,
  "src/components/ui/toggle-group.tsx": 1773469974.6871998,
  "src/components/ui/avatar.tsx": 1773469974.6764684,
  "src/components/ui/multi-select.tsx": 1773469974.682574,
  "src/components/ui/dialog.tsx": 1773469974.68051,
  "src/components/ui/badge.tsx": 1773469974.676875,
  "src/components/ui/sidebar.tsx": 1773469974.6845171,
  "src/components/ui/table.tsx": 1773469974.6861668,
  "src/components/ui/separator.tsx": 1773469974.6837444,
  "src/components/ui/button.tsx": 1773469974.677577,
  "src/components/ui/toggle.tsx": 1773469974.6875246,
  "src/components/ui/theme-toggle.tsx": 1773469974.6869256,
  "src/components/ui/dropdown-menu.tsx": 1773469974.6811442,
  "src/components/ui/select.tsx": 1773469974.6834946,
  "src/components/ui/input.tsx": 1773469974.6817474,
  "src/components/ui/skeleton.tsx": 1773469974.684874,
  "src/components/ui/form.tsx": 1773469974.6814537,
  "src/hooks/use-mobile.ts": 1773469974.7090795,
  "src/lib/utils.test.ts": 1773563429.817605,
  "src/lib/firebase.ts": 1773469974.7103834,
  "src/lib/utils.ts": 1773469974.7110333,
  "src/lib/logger.ts": 1772945307.0681617,
  "src/lib/session.ts": 1773469974.7107165,
  "src/lib/config.ts": 1771574780.2453659,
  "src/lib/db.ts": 1773469974.709992,
  "src/lib/clients/scheme.ts": 1773469974.709707,
  "src/lib/clients/mf.ts": 1774798871.143134,
  "src/lib/utils/date.ts": 1774268344.5103087,
  "src/lib/utils/date.test.ts": 1773502027.631221,
  "src/styles/README.md": 1774848123.7610543
}
